Age,Gender,Annual_Income,Spending_Score,Previous_Purchases,Browsing_Time,Purchased
60,Male,85066,47,10,117,0
29,Female,117653,73,12,11,1
39,Female,68150,12,25,100,1
46,Male,193137,62,20,49,0
44,Female,110913,18,7,70,0
61,Male,17090,40,8,84,0
49,Male,80391,15,20,93,1
43,Female,17775,46,12,107,1
39,Female,65765,30,9,105,0
46,Male,163351,95,18,98,1
38,Female,134166,16,10,59,1
44,Male,149099,38,8,100,1
35,Male,116929,40,11,39,0
48,Female,117636,65,14,50,0
48,Female,47851,44,15,29,0
46,Female,116086,70,18,3,1
45,Female,39228,57,19,69,1
44,Male,189906,86,9,89,1
30,Male,90722,24,1,31,0
20,Male,158942,23,15,32,0
37,Male,33377,49,17,33,0
33,Male,80272,57,3,99,0
35,Female,157579,28,14,14,1
40,Female,124302,18,28,95,0
46,Female,195251,48,0,115,1
40,Female,82899,6,5,72,0
19,Male,113085,37,26,97,1
60,Male,91189,8,10,77,1
27,Male,121756,10,12,99,0
45,Female,189690,64,6,71,1
35,Male,47271,51,23,31,1
55,Male,108988,38,16,89,0
62,Female,22227,62,7,24,0
57,Male,166067,66,27,60,1
51,Female,199083,83,15,81,0
47,Female,145147,17,25,25,0
24,Female,182192,95,15,104,1
38,Male,124304,64,16,88,0
55,Female,19444,96,5,80,0
22,Male,112460,69,0,116,1
36,Female,95772,58,4,108,0
65,Male,96776,2,16,72,0
34,Female,76378,95,18,84,0
44,Male,27366,34,22,51,1
60,Male,78514,58,22,102,1
54,Male,28088,26,15,38,1
48,Male,167810,36,6,80,0
20,Female,44957,67,10,55,1
48,Female,152616,71,23,89,0
31,Male,144609,31,20,61,1
20,Male,124191,28,9,104,0
30,Male,147500,56,0,97,0
33,Male,185465,57,23,44,0
36,Male,177470,6,16,51,0
34,Female,22288,83,6,32,1
29,Female,115990,4,20,71,0
53,Female,147800,15,17,116,1
52,Male,143044,25,27,54,1
59,Male,171616,29,9,13,0
42,Male,55106,96,0,94,0
36,Female,56811,53,7,21,1
59,Female,140772,89,8,61,1
57,Male,177708,92,6,94,1
26,Female,132198,28,23,91,1
50,Female,160963,62,27,19,1
28,Male,172164,65,9,91,1
43,Male,34832,86,22,68,1
21,Female,119246,78,7,64,0
35,Female,37299,34,18,71,0
25,Male,36864,11,9,46,0
51,Female,58010,2,8,6,0
24,Male,189761,8,18,18,0
54,Male,116692,87,5,57,0
25,Female,60000,22,8,84,1
56,Female,32277,100,14,76,1
35,Female,27725,35,11,64,0
65,Female,155735,18,29,90,1
63,Female,54728,96,11,14,1
24,Male,50745,16,13,2,0
24,Female,16803,16,28,56,0
38,Male,23740,19,20,95,0
24,Male,186346,50,4,2,0
29,Female,40594,12,4,65,1
34,Female,153988,15,8,89,0
50,Female,37268,39,18,47,0
45,Male,132879,85,13,8,0
58,Male,182635,61,5,60,0
42,Male,173447,51,8,52,0
30,Male,22977,3,13,82,0
55,Male,125314,38,13,84,1
26,Female,196837,93,2,107,1
38,Male,134595,66,14,22,1
31,Female,155472,81,21,89,0
30,Male,33277,87,0,87,0
30,Female,152790,97,21,119,0
25,Female,145447,26,11,94,0
57,Male,195835,30,0,83,1
55,Male,109686,28,27,20,1
56,Male,138272,85,14,115,1
43,Female,117598,44,0,111,0
35,Male,146523,24,23,76,0
37,Female,132044,72,14,12,1
43,Male,36692,73,5,30,1
50,Female,21345,41,27,8,0
52,Male,198124,4,13,7,1
65,Male,34199,19,29,118,0
23,Female,186693,24,27,22,0
24,Female,121946,70,17,46,1
24,Female,193352,33,20,54,0
32,Male,90913,11,22,34,0
59,Female,41080,57,7,52,0
46,Male,143712,7,12,61,0
26,Female,124931,86,26,26,0
34,Male,165994,12,2,61,0
51,Female,156813,46,21,7,1
18,Male,186493,53,27,24,0
26,Male,70405,34,1,15,0
22,Female,139041,83,4,69,0
65,Female,188021,76,6,8,0
34,Female,159770,76,26,42,1
27,Female,146888,42,21,119,1
55,Female,161816,2,23,62,1
52,Male,81376,44,10,107,0
61,Male,109517,6,15,69,0
58,Female,142465,20,9,116,1
39,Female,196710,73,15,119,1
43,Female,28208,47,9,65,0
25,Male,59156,29,10,103,1
44,Female,74870,14,22,71,0
51,Female,114866,95,24,70,1
25,Female,86210,59,11,53,0
52,Male,158642,63,18,22,0
19,Female,157127,17,27,67,0
43,Male,148458,38,30,17,1
19,Female,62306,26,10,119,1
51,Female,32702,35,8,113,1
45,Female,65417,53,6,117,1
65,Female,181936,88,25,79,1
51,Male,192831,36,2,104,1
63,Female,153256,31,16,98,1
22,Male,118956,54,5,70,0
39,Female,27830,67,9,87,1
30,Male,88374,65,5,31,0
49,Male,139027,5,9,10,0
45,Male,113496,17,21,84,0
45,Female,31527,43,10,28,0
39,Male,94731,13,1,68,0
31,Male,57227,88,21,112,1
31,Female,127878,74,7,68,1
30,Female,68745,88,18,65,1
45,Male,42519,94,9,107,1
64,Male,152621,86,23,63,0
30,Male,114780,2,13,51,0
55,Female,145662,100,23,86,1
53,Female,193027,81,6,25,1
22,Female,76853,74,5,69,1
22,Male,193235,86,12,113,1
40,Female,105269,59,19,77,1
26,Female,28609,24,7,50,0
24,Male,58984,31,16,6,0
37,Female,163603,59,7,18,1
57,Female,110894,31,17,48,1
51,Male,32910,78,16,18,1
63,Female,191741,6,18,27,0
28,Female,166264,96,10,56,0
62,Male,157040,63,15,38,1
28,Female,185223,8,28,17,0
63,Female,187011,10,7,72,0
46,Male,158176,47,24,20,0
32,Female,155377,7,6,27,0
38,Male,109786,60,9,115,1
35,Male,128057,38,25,16,1
28,Male,79123,7,21,11,0
56,Female,159973,30,17,43,0
22,Female,166638,24,5,120,0
47,Male,187954,1,15,64,0
64,Female,111062,34,0,12,0
65,Female,76629,61,24,102,0
40,Female,188477,90,22,9,0
24,Male,177822,45,23,117,0
21,Male,86551,44,27,21,0
39,Male,43085,70,1,8,1
50,Female,83918,96,18,23,0
30,Male,176653,89,22,14,1
65,Male,55354,10,23,53,1
32,Female,152875,39,15,95,0
19,Male,100665,84,16,118,1
22,Male,142367,23,23,32,0
32,Female,24907,28,8,94,0
29,Female,179608,69,16,38,0
48,Male,51502,67,8,61,0
45,Male,40653,57,10,116,1
62,Male,92378,88,19,31,0
47,Female,114689,10,11,83,1
38,Female,85507,8,11,79,1
63,Male,144165,98,5,25,0
57,Male,152865,60,12,53,0
19,Male,138674,54,3,34,0
50,Female,76751,72,2,40,1
55,Female,54064,34,11,49,1
39,Female,192486,81,8,80,0
48,Male,50188,93,18,30,1
44,Female,171315,8,7,63,0
25,Female,168155,83,7,64,1
41,Male,104802,70,6,72,0
31,Female,149603,74,12,120,1
31,Male,163883,90,5,5,1
21,Female,128576,42,26,51,1
18,Female,132984,14,3,52,1
51,Male,72200,100,15,91,1
23,Male,88107,94,22,34,1
25,Male,16409,64,4,17,0
49,Female,162324,96,5,78,0
32,Male,191955,78,27,87,1
56,Female,130250,90,7,33,0
22,Male,80699,40,5,41,0
30,Male,39665,59,12,25,1
32,Female,160014,23,21,91,1
41,Male,89300,86,5,71,1
39,Female,24731,21,9,83,0
39,Female,95250,9,4,15,0
29,Female,83850,95,16,70,1
63,Male,120035,32,14,92,0
61,Male,166924,45,4,83,0
55,Female,137517,2,15,75,0
54,Male,72230,43,1,110,0
34,Male,103821,99,3,80,1
36,Male,182552,70,14,13,0
28,Female,28545,36,0,97,0
61,Female,144160,35,15,62,1
27,Male,83345,94,28,73,1
34,Male,66672,31,0,13,0
24,Male,39861,98,1,72,1
41,Male,164200,87,2,39,0
58,Female,33667,88,30,53,1
39,Male,109060,16,2,55,0
42,Female,27272,3,9,43,0
40,Female,57513,93,8,55,0
29,Female,187297,13,8,4,1
21,Female,177929,39,25,9,0
26,Male,92599,77,11,77,0
33,Female,146693,21,28,26,1
24,Female,73661,91,28,120,1
27,Male,128624,79,18,49,1
54,Female,138663,42,28,80,1
18,Female,23000,95,26,91,1
22,Male,145804,64,27,21,0
60,Female,46449,43,20,55,1
59,Male,125086,3,6,70,1
59,Male,121466,68,6,114,1
59,Male,133549,41,13,107,0
51,Male,30671,42,29,85,0
33,Male,161827,97,10,96,1
45,Male,142138,3,10,63,0
56,Male,63363,11,11,1,0
44,Male,15002,38,25,10,1
35,Male,63170,66,0,5,0
53,Female,60852,31,15,97,0
27,Female,199098,89,14,29,0
26,Male,105636,11,3,21,0
21,Female,67590,89,15,9,0
54,Male,181269,10,10,102,1
53,Female,79666,93,18,84,1
54,Female,19761,62,29,23,1
58,Male,66493,10,12,22,0
41,Male,166148,87,2,86,1
64,Female,139526,27,23,87,0
41,Female,112856,91,6,26,0
65,Female,181563,54,24,19,1
18,Female,143512,19,8,31,0
30,Female,174491,20,23,120,0
63,Male,91997,72,12,18,0
53,Male,92125,54,4,75,0
50,Male,164160,74,20,54,0
23,Male,176534,73,1,113,0
26,Female,35197,57,7,64,1
29,Female,67621,5,16,17,0
52,Female,122387,89,24,102,1
42,Male,110824,43,15,40,0
18,Female,135790,31,16,51,0
20,Female,121315,91,18,45,1
53,Female,96123,23,6,18,1
20,Female,15773,6,23,20,0
42,Female,113501,57,1,107,1
35,Female,73458,71,9,5,0
42,Female,87573,5,19,49,1
33,Female,41152,22,14,104,0
33,Female,158141,44,16,17,1
42,Male,150619,58,13,92,1
54,Male,29962,70,26,35,1
60,Male,77857,2,12,91,1
33,Female,144405,91,16,39,0
30,Male,154014,25,8,117,0
44,Male,51469,37,4,35,0
43,Female,62081,74,22,45,1
41,Female,88550,27,14,51,0
49,Female,41390,22,11,117,1
30,Male,174135,13,4,13,1
23,Female,96757,17,9,69,0
25,Female,105349,56,28,29,1
37,Male,67581,29,17,46,0
58,Male,48450,64,16,94,0
57,Female,83720,66,23,10,1
57,Female,60834,79,16,79,1
41,Female,85165,8,26,106,0
48,Female,47687,39,15,30,0
49,Female,19550,81,28,62,1
28,Female,57865,36,10,53,1
36,Male,15773,22,15,116,1
29,Female,72326,39,17,56,1
21,Male,129454,95,6,69,1
63,Female,94280,24,5,58,1
55,Male,24022,42,1,118,0
31,Female,57432,78,4,33,1
27,Female,37071,22,29,94,0
40,Male,167387,49,1,6,0
49,Female,181636,66,15,92,0
55,Male,132902,82,7,45,0
27,Female,184795,4,21,99,1
55,Male,107723,3,5,111,0
57,Female,173501,76,30,77,0
41,Female,34139,58,26,12,0
27,Female,196441,93,28,87,1
40,Female,172915,7,3,105,0
36,Male,108520,40,8,95,1
24,Female,119151,89,7,11,1
27,Male,15201,77,2,93,1
35,Female,174960,78,8,48,1
62,Female,114034,88,15,103,0
25,Female,133022,90,1,47,1
52,Female,34358,97,24,97,1
18,Male,195710,59,6,39,1
53,Female,19930,15,8,25,0
57,Female,23232,75,14,86,0
34,Female,32520,42,1,14,0
50,Male,141894,100,12,98,0
36,Female,183058,60,2,112,1
61,Female,106141,90,21,105,1
27,Male,129828,4,5,56,1
24,Female,107171,29,11,93,0
34,Male,18046,99,14,28,1
23,Male,54236,73,22,47,1
20,Male,66815,94,20,38,0
61,Male,178459,53,11,7,0
50,Male,197845,94,19,105,1
21,Male,89078,64,9,95,0
20,Male,190140,66,13,80,1
57,Male,48790,8,13,111,0
34,Female,104332,35,11,77,0
55,Female,60082,88,0,111,1
57,Female,86875,34,6,58,0
64,Female,130210,13,10,71,1
27,Female,77397,38,15,3,0
56,Male,139281,1,2,100,0
37,Male,187013,73,1,90,1
26,Male,138411,14,12,84,1
28,Female,61917,95,26,118,1
43,Male,195309,2,27,62,0
38,Female,192226,91,21,43,0
65,Male,156037,66,0,89,0
46,Female,39843,2,30,111,1
52,Male,101326,83,4,83,1
61,Male,44590,61,6,119,1
32,Male,178525,81,28,109,1
59,Female,189048,88,13,85,1
43,Female,18360,38,28,78,0
33,Male,186155,83,28,4,1
54,Male,66292,89,0,56,1
62,Male,182401,58,22,41,0
60,Male,139327,33,1,78,1
18,Female,101436,49,15,22,0
59,Female,39340,31,24,31,0
60,Female,58982,42,19,53,1
25,Male,118477,28,21,54,1
56,Male,103229,37,25,96,1
39,Female,109805,87,29,11,0
29,Male,32960,23,30,48,1
32,Male,94990,4,16,94,1
45,Male,62487,68,19,14,0
55,Male,41534,30,6,109,1
39,Male,152806,96,10,14,1
25,Male,188049,84,26,23,1
18,Male,117940,59,28,41,1
39,Male,127026,1,15,6,0
36,Female,133828,65,27,46,0
35,Male,83673,97,22,94,1
47,Male,188162,20,10,55,1
46,Female,18927,86,28,47,1
65,Male,102455,5,19,113,0
18,Female,65938,100,29,39,1
28,Female,39478,45,27,42,1
58,Female,140922,80,19,109,1
63,Male,84323,70,17,68,1
42,Female,191567,42,13,7,0
65,Male,196229,53,11,67,1
53,Male,46771,31,2,80,1
65,Female,65752,41,3,77,1
63,Male,41090,72,6,60,1
25,Male,156923,88,5,11,1
31,Male,68971,50,28,70,1
57,Male,98266,90,7,7,0
31,Male,86507,60,23,5,1
27,Female,189559,95,13,33,1
64,Female,140142,76,12,109,1
35,Male,32143,33,9,41,0
46,Male,169757,45,30,84,1
26,Female,89136,85,20,48,1
28,Female,127489,6,22,66,0
57,Male,194154,6,20,33,0
65,Male,16963,74,10,43,0
28,Female,158925,11,30,48,0
26,Female,155118,33,16,106,0
19,Female,76892,42,15,33,0
32,Male,117782,90,8,9,0
39,Male,190069,18,23,99,1
27,Male,140597,51,27,8,1
33,Female,116189,36,19,120,0
40,Female,170353,18,0,72,1
62,Male,90275,5,5,93,0
29,Male,17737,56,3,93,0
37,Female,111486,3,21,20,1
33,Male,50530,66,13,45,1
24,Male,99897,92,12,107,1
46,Male,55795,77,15,30,0
28,Male,48320,35,21,87,1
26,Male,137171,53,29,7,1
60,Male,170989,9,8,20,1
43,Female,122351,53,5,20,1
60,Female,131001,93,28,97,1
53,Female,15447,85,30,13,1
55,Female,54541,1,16,71,1
63,Female,180119,44,22,69,0
27,Male,39451,78,29,37,0
35,Female,194835,89,9,71,0
63,Male,151319,1,4,102,0
50,Male,79341,83,0,61,1
54,Male,177847,24,9,17,1
61,Male,109021,4,4,42,1
47,Female,121025,1,26,93,1
64,Female,27431,89,2,84,0
32,Male,173299,76,30,44,0
40,Female,17638,21,1,61,1
47,Female,90297,39,30,54,0
32,Female,116719,38,26,107,1
37,Male,151011,41,24,103,1
22,Female,117402,35,8,89,0
33,Female,135176,20,2,109,1
39,Male,167991,16,23,120,1
40,Female,163904,86,29,17,1
65,Male,180547,6,8,49,1
30,Male,69312,79,13,67,1
48,Female,51855,84,22,83,1
33,Male,107621,18,29,40,1
37,Male,141424,97,29,89,1
65,Female,71444,21,9,57,0
34,Male,99775,62,1,64,1
58,Male,137002,9,19,48,0
46,Male,184689,18,15,82,0
37,Female,177411,82,30,93,1
54,Female,58419,24,30,77,0
31,Female,44921,37,7,10,0
59,Male,109467,12,0,117,1
43,Male,86185,66,12,117,1
65,Female,181615,42,14,85,1
37,Male,37803,82,8,83,1
60,Male,135676,100,26,94,1
26,Female,134648,18,24,10,0
21,Male,164662,10,30,112,1
23,Female,59871,38,26,115,1
58,Male,45043,25,0,42,0
58,Male,165263,5,5,2,0
59,Male,192658,29,0,70,0
25,Male,119268,34,12,57,1
51,Female,158315,19,14,35,1
43,Male,107557,78,14,46,1
29,Female,68701,82,10,31,1
37,Female,24154,48,27,73,0
34,Male,20063,18,0,1,0
50,Female,97675,32,27,9,1
64,Male,178561,4,12,80,0
43,Male,55700,80,14,24,0
33,Female,68620,70,9,44,0
21,Male,151529,12,17,14,0
30,Female,59804,65,1,38,0
61,Female,151293,96,27,43,1
45,Female,87113,56,14,49,1
19,Male,128316,87,5,93,1
44,Male,69106,90,4,94,1
31,Female,198885,27,23,61,1
54,Male,16854,43,15,22,1
53,Female,53931,16,2,67,0
57,Female,137162,64,1,3,0
25,Male,83785,79,6,29,1
24,Female,166646,49,25,91,1
23,Female,143058,14,0,59,0
58,Male,26593,40,10,91,1
22,Male,57742,52,0,61,1
20,Male,181845,56,12,8,1
26,Male,191754,35,15,24,0
51,Male,192252,26,13,59,1
42,Male,39999,49,1,108,0
33,Female,123700,82,0,16,1
38,Male,149735,41,18,103,1
65,Female,181366,93,2,50,0
60,Female,26386,18,26,43,0
49,Male,99856,50,28,58,0
28,Female,157775,51,11,90,1
28,Male,187005,30,14,26,0
39,Male,110766,49,2,94,1
44,Female,185205,82,29,10,0
21,Male,133949,84,30,85,1
25,Female,142514,64,3,38,0
56,Female,20407,27,20,50,1
54,Male,124284,51,15,18,0
49,Male,74122,3,7,68,1
59,Male,44736,36,22,4,0
41,Male,59848,3,7,34,0
28,Female,79636,35,11,60,0
33,Female,44374,28,7,37,0
44,Female,61090,67,11,85,0
40,Male,68439,50,13,13,0
58,Male,55833,6,16,63,0
37,Male,149392,92,8,20,0
61,Female,163249,69,20,104,1
31,Female,153459,70,1,95,0
48,Male,93511,93,12,96,1
45,Male,75377,22,12,69,0
49,Male,140352,93,9,72,0
63,Male,182897,37,13,65,0
30,Female,188611,42,30,111,0
22,Female,190143,76,3,36,1
47,Male,135300,21,6,78,0
28,Female,171470,21,9,20,0
47,Male,129882,40,29,68,0
28,Male,120442,27,16,66,0
49,Female,71282,81,30,49,1
51,Male,122923,27,4,75,0
53,Female,150030,69,8,113,0
39,Male,145263,2,30,3,0
39,Male,69316,32,4,111,1
37,Female,107929,88,1,61,1
62,Female,82288,74,2,109,0
24,Female,194636,21,8,78,1
55,Male,34933,75,17,68,0
47,Male,194902,66,27,10,1
30,Male,182059,46,2,24,0
56,Male,54550,72,6,100,0
39,Female,189960,89,11,67,0
41,Female,121618,85,14,93,1
45,Male,124520,71,6,92,0
48,Male,30943,96,6,15,0
42,Male,113320,60,10,93,1
65,Female,165261,18,30,97,1
27,Male,24822,7,19,18,1
39,Male,55592,39,25,113,1
65,Female,179287,68,3,31,1
38,Female,167045,20,22,100,1
26,Female,63931,50,19,63,1
58,Male,94712,80,23,49,1
19,Male,197042,60,19,23,0
19,Female,54411,96,10,38,0
65,Female,163197,52,2,104,1
62,Female,106742,23,15,71,1
55,Male,88399,88,30,85,1
59,Female,180710,12,25,27,0
34,Female,144985,50,25,22,0
44,Male,108324,57,2,31,1
47,Male,187358,54,7,84,1
62,Male,122689,79,12,28,1
37,Female,134250,27,7,87,0
42,Male,23327,32,20,105,0
57,Female,114249,52,8,26,0
55,Male,167687,91,15,26,0
36,Female,68249,46,14,49,1
44,Male,25568,62,5,6,0
36,Female,15386,90,26,56,1
47,Female,22256,39,26,77,1
23,Male,71495,58,9,84,1
29,Male,158866,66,3,97,0
59,Male,25698,11,17,49,0
31,Male,16577,61,5,119,0
64,Female,114162,71,18,55,0
38,Male,17036,36,22,63,1
23,Male,99412,96,8,18,1
40,Male,26790,99,4,94,1
63,Female,85809,91,24,17,0
48,Male,34836,66,7,9,1
26,Female,94216,30,2,60,0
40,Female,93690,21,30,42,1
34,Male,105066,22,16,25,0
26,Female,22290,44,1,89,0
52,Female,136148,47,10,64,0
38,Female,93230,29,5,22,0
46,Male,143541,55,27,15,1
52,Male,43742,15,11,30,0
25,Female,120403,77,23,117,1
20,Male,80938,33,23,25,0
18,Female,40914,30,24,53,1
26,Male,60229,69,24,32,1
49,Female,78177,61,7,14,1
33,Male,19335,32,15,32,0
20,Male,193679,27,2,62,0
23,Male,189300,21,23,64,1
61,Female,186015,62,3,64,1
65,Female,43328,39,26,35,1
43,Male,84971,52,17,120,0
46,Male,73411,45,17,81,0
26,Male,85220,36,4,59,0
22,Female,103485,79,7,91,1
38,Female,127039,31,20,112,1
23,Female,29671,70,20,18,1
58,Female,98511,83,11,105,0
52,Female,126287,4,2,95,0
44,Female,131403,14,28,94,1
59,Female,99642,68,11,35,1
28,Female,152052,86,8,91,1
37,Female,158850,87,28,67,1
57,Male,52815,31,13,30,0
20,Female,60160,82,17,102,1
47,Male,145465,73,27,108,0
45,Female,193338,66,18,84,1
21,Female,23989,42,7,67,0
49,Male,160683,37,10,119,0
54,Female,85537,15,7,30,0
47,Female,172498,84,26,26,0
55,Male,33497,15,28,98,1
34,Female,36915,81,28,114,1
57,Male,40045,91,25,74,1
62,Male,106069,21,25,118,1
35,Male,160275,39,1,32,0
48,Male,50013,5,23,59,0
44,Male,112986,99,18,43,1
39,Male,87653,6,0,96,0
40,Female,198021,4,18,81,0
59,Female,75651,16,21,118,1
64,Male,117059,38,26,48,0
24,Female,104835,90,30,109,1
19,Male,70267,62,23,55,1
55,Male,154396,60,15,39,0
53,Female,50884,46,28,1,0
56,Female,97340,33,16,66,1
25,Male,77015,56,23,55,0
30,Male,113644,66,11,16,0
62,Male,194125,88,0,113,1
41,Male,41656,68,5,82,1
64,Female,64021,89,15,25,0
18,Male,81067,5,20,6,0
40,Female,41322,40,30,38,1
36,Male,164213,3,30,66,0
52,Male,46221,33,26,14,0
26,Female,83808,92,17,106,1
35,Male,164821,20,27,57,0
47,Female,31624,70,29,10,1
30,Female,167915,61,30,113,1
63,Female,71276,14,8,72,1
40,Female,133338,93,4,6,1
39,Female,23477,65,6,16,1
61,Female,44006,55,2,46,0
22,Female,85738,97,11,64,1
43,Female,162181,47,7,1,0
30,Male,173865,7,14,43,0
46,Female,18011,77,25,38,0
48,Male,175595,39,9,89,0
39,Female,106268,4,2,98,1
25,Male,65747,17,19,17,0
23,Female,164077,63,23,17,1
38,Female,113951,46,13,46,0
18,Male,124238,49,9,103,0
41,Female,159848,23,25,27,1
60,Female,82715,50,7,35,1
64,Female,31836,98,27,112,1
32,Male,120065,24,3,120,1
31,Female,185020,39,2,61,1
44,Male,135051,39,21,78,1
48,Female,158480,52,9,109,0
63,Female,92050,99,3,96,1
37,Male,180192,79,14,74,1
40,Female,176101,98,16,90,1
32,Female,38187,26,21,67,1
38,Female,74771,66,15,31,1
58,Female,46535,25,28,69,0
43,Female,78506,74,20,19,1
38,Male,40184,53,27,110,1
44,Female,124100,69,23,83,1
37,Male,52199,59,14,23,0
22,Female,172770,83,6,71,0
23,Male,76010,99,20,52,1
26,Female,137741,93,0,75,0
26,Male,176278,62,21,25,1
53,Female,121770,93,24,70,1
55,Male,132303,4,11,115,0
20,Male,74988,29,22,3,1
33,Female,74023,50,10,57,0
54,Female,82501,8,5,8,0
34,Male,90571,81,14,94,0
49,Female,124723,98,11,75,1
49,Male,94164,83,14,105,0
29,Female,29404,1,19,112,0
64,Male,99043,71,17,8,1
36,Male,199708,26,10,21,0
54,Female,146603,30,24,33,1
61,Male,190985,3,30,6,0
31,Female,127012,57,7,10,1
55,Female,86815,7,22,112,0
50,Female,114920,7,9,58,0
28,Female,53564,37,2,110,1
41,Female,193446,13,4,24,0
55,Female,21982,15,26,114,0
37,Male,67292,69,18,89,1
21,Male,82410,23,3,73,0
38,Female,72714,89,20,102,1
22,Female,162046,18,27,66,1
63,Male,109213,40,6,119,0
18,Male,60446,58,28,21,0
57,Female,91176,73,1,80,1
54,Female,168587,12,20,22,0
25,Female,195116,17,10,69,0
28,Female,63523,10,8,87,0
29,Female,142093,70,21,7,1
41,Male,122980,94,8,113,1
41,Female,199586,53,27,87,1
23,Female,138779,35,29,65,1
18,Male,140200,85,13,11,1
48,Female,48140,80,18,17,1
36,Female,170248,47,9,60,0
50,Male,42278,18,29,104,0
26,Male,37066,90,10,4,0
34,Female,53617,80,26,71,0
45,Female,59395,51,19,71,0
47,Male,87297,17,27,19,0
21,Male,135059,11,28,88,1
64,Male,166306,8,9,101,0
41,Male,128160,32,5,30,1
47,Male,21074,11,29,19,1
43,Female,178254,56,19,97,0
50,Female,65391,70,22,87,0
40,Male,178853,47,21,97,0
63,Female,182625,100,16,68,0
18,Male,41403,26,10,17,0
32,Female,116760,84,15,57,1
36,Male,70681,69,25,12,1
49,Male,157090,5,24,61,0
28,Female,194487,35,6,33,1
53,Male,93960,91,14,1,1
18,Male,159317,89,29,79,1
61,Male,195011,14,19,65,0
56,Male,198880,90,25,35,0
22,Male,97774,71,11,11,1
58,Female,66663,48,22,100,1
31,Female,118481,97,0,94,1
63,Female,136658,40,30,59,1
18,Female,60919,94,3,6,1
64,Male,49535,92,25,99,0
31,Male,190380,82,12,63,0
33,Female,51821,88,24,104,1
30,Female,195306,76,23,64,1
37,Male,90619,44,19,3,1
47,Male,176014,3,29,116,1
52,Female,154940,35,26,41,0
49,Female,89619,31,9,114,1
50,Male,67856,22,26,72,0
53,Female,72370,49,29,63,0
34,Male,95221,24,10,106,0
58,Female,174062,25,29,5,1
63,Male,48846,19,0,68,0
58,Female,122758,24,8,101,1
51,Female,186778,22,23,44,1
19,Male,25727,84,20,53,0
45,Male,40317,1,29,23,0
34,Female,154808,9,11,67,0
64,Male,141780,56,14,61,1
59,Female,15010,82,1,47,1
29,Female,191298,87,0,102,1
52,Male,104059,37,7,9,0
63,Female,37385,24,27,60,0
27,Male,186639,92,10,99,1
54,Male,113495,6,3,62,1
42,Female,173286,28,3,10,0
26,Male,86875,19,11,96,1
42,Female,190675,93,24,47,1
36,Male,33857,30,11,66,0
33,Male,188684,11,30,68,0
55,Male,148841,24,3,16,1
31,Female,125040,22,30,103,1
20,Male,181756,95,26,108,1
29,Male,118335,42,23,66,1
24,Male,80652,79,11,74,1
62,Female,117897,63,6,10,0
31,Male,61496,38,28,14,0
25,Male,32160,16,6,120,1
52,Male,135846,64,17,92,1
33,Female,132855,86,8,53,0
35,Male,78079,13,3,1,0
40,Female,181851,35,9,80,0
52,Female,48693,38,18,64,0
57,Female,185430,61,21,56,1
45,Male,64453,86,21,98,1
43,Female,101811,88,3,83,1
49,Male,25492,18,23,96,1
23,Female,175584,24,12,91,0
60,Male,192885,72,20,78,1
19,Male,114692,59,1,22,0
56,Male,38551,47,10,55,1
18,Male,146807,67,8,92,1
35,Female,190239,2,8,9,0
49,Male,198844,28,7,11,0
23,Female,59537,29,19,120,0
57,Male,179406,88,1,23,0
43,Female,27045,4,2,105,0
54,Female,83079,6,14,46,0
29,Male,36198,81,10,113,0
27,Female,189164,26,8,28,0
56,Female,57544,11,22,63,0
61,Female,85414,43,5,103,0
35,Male,33026,26,29,40,0
52,Male,76269,11,20,18,0
21,Male,54661,9,16,76,0
64,Male,30338,100,21,96,1
45,Female,109503,49,12,88,1
19,Female,150707,36,18,103,0
52,Male,143804,57,26,41,1
29,Male,57093,1,15,11,0
53,Male,104356,80,17,80,0
34,Male,126999,39,0,38,0
49,Female,27798,4,11,50,0
65,Male,179426,49,25,39,1
57,Female,134841,13,10,42,0
61,Female,21618,27,14,113,0
35,Female,108778,43,11,78,1
60,Female,32690,58,23,44,0
37,Male,108106,61,24,48,1
48,Male,86850,70,5,103,1
21,Male,115385,72,13,55,1
48,Female,128647,92,1,37,1
54,Female,197124,23,22,40,0
36,Male,18907,67,4,85,0
30,Female,167702,28,6,54,0
25,Male,63887,86,5,56,0
53,Female,20633,7,28,31,0
22,Male,111043,39,16,1,0
65,Female,125909,59,8,20,0
21,Male,39986,67,11,3,0
35,Female,38751,47,6,52,0
45,Female,18216,23,16,38,0
60,Male,34773,92,23,76,0
31,Male,156829,13,4,17,1
59,Male,32211,5,4,109,1
58,Female,72295,19,23,101,0
41,Male,135772,21,26,5,0
31,Female,67184,43,30,77,1
26,Male,95055,56,30,65,1
58,Female,187822,5,19,38,1
53,Male,161364,88,18,96,1
59,Male,121417,86,9,53,0
64,Female,22695,12,25,15,1
46,Male,40526,41,21,22,0
63,Female,63120,29,17,110,1
19,Male,159479,94,4,80,1
30,Male,147550,97,28,92,1
42,Female,164535,45,23,4,1
48,Female,196258,98,1,73,1
65,Male,55992,83,14,79,0
34,Female,89666,21,12,54,1
19,Female,56136,67,22,40,1
22,Male,184125,66,18,48,0
65,Male,181692,4,23,40,0
32,Female,100725,33,7,25,0
50,Male,171418,18,30,81,1
60,Female,41871,41,17,66,1
38,Female,105147,72,26,87,1
18,Female,112080,68,18,105,1
60,Female,22914,12,21,52,0
53,Female,62865,91,19,116,0
44,Female,161874,97,21,19,1
50,Male,116113,91,5,101,1
41,Female,80551,93,5,80,1
37,Female,171368,67,18,37,0
60,Male,129191,3,1,11,0
40,Male,183177,98,2,70,1
22,Female,132007,89,0,55,0
23,Male,107484,52,1,2,0
20,Female,71140,83,13,6,0
60,Female,17933,12,10,17,0
59,Male,136386,59,2,109,1
47,Female,147556,7,18,25,0
20,Female,150703,4,2,74,0
26,Female,187699,12,18,53,1
42,Female,137794,43,16,40,1
27,Female,20933,84,8,74,0
25,Male,104847,85,20,94,1
58,Female,128691,66,0,56,0
45,Female,151444,61,14,15,0
21,Male,73078,91,23,31,1
53,Male,22285,32,18,60,0
24,Male,59367,59,0,82,1
46,Female,36525,56,8,7,0
50,Female,145932,16,21,103,0
50,Male,60956,98,23,8,1
63,Male,55725,79,17,109,1
22,Male,117554,52,30,114,1
60,Female,101587,96,24,105,1
20,Male,142106,64,27,105,1
62,Female,198930,84,14,48,0
34,Female,82822,97,10,17,1
43,Female,100190,66,10,73,1
40,Female,24872,21,5,10,1
28,Female,63330,85,2,62,1
38,Female,145718,51,22,47,1
25,Male,163609,78,26,4,0
33,Female,129062,43,12,75,0
64,Female,34197,92,4,84,1
32,Male,100195,96,21,39,0
53,Male,181495,31,3,25,0
31,Female,24727,2,19,15,1
61,Female,104983,34,23,28,0
61,Male,129118,77,15,82,1
28,Female,114051,80,20,70,1
31,Male,153257,16,16,79,0
65,Female,179487,39,11,109,1
43,Male,46022,78,27,103,1
32,Female,153210,73,17,4,0
36,Female,158005,63,11,98,1
28,Female,60863,7,15,81,1
46,Female,134459,3,5,70,0
57,Female,167336,87,17,71,1
32,Female,72046,65,6,71,0
43,Female,45950,84,17,74,1
63,Female,193555,23,30,12,1
59,Female,133319,52,4,87,1
18,Male,27923,98,15,50,1
20,Female,44574,86,6,101,1
27,Male,76605,15,10,61,1
35,Female,27826,46,5,38,0
55,Female,87368,1,10,48,0
27,Female,97701,69,23,55,1
61,Male,28763,16,26,22,0
18,Female,43812,75,21,83,0
33,Female,123581,44,24,1,0
31,Male,176641,87,24,7,0
50,Female,80502,15,29,4,0
45,Male,93065,27,4,39,1
35,Male,124791,19,23,103,1
59,Female,148569,100,7,13,0
63,Male,173049,41,18,120,1
36,Male,160127,66,14,28,1
42,Female,61268,25,4,56,0
44,Female,174240,46,9,105,0
51,Male,78756,21,16,44,1
48,Male,136392,52,29,7,0
44,Female,38880,18,14,7,1
47,Female,87207,22,16,105,1
26,Female,72101,6,19,83,1
22,Female,106295,1,6,114,1
25,Male,157364,66,6,21,0
21,Male,184326,69,5,108,1
41,Female,27387,26,19,83,0
63,Male,168070,1,12,8,0
28,Male,15101,90,8,115,1
56,Male,67290,40,2,77,0
18,Male,118832,96,20,70,1
59,Female,196270,63,14,78,0
26,Male,193914,13,11,97,1
59,Female,151853,68,11,70,1
39,Female,169963,24,3,7,0
41,Male,193329,85,16,90,1
41,Female,53229,1,11,28,0
49,Female,15631,49,21,50,0
61,Female,154904,4,2,116,0
41,Female,177961,47,11,50,1
57,Male,90511,91,11,70,0
32,Male,106423,19,4,13,0
36,Female,176057,8,17,28,0
34,Male,48674,89,13,11,1
51,Male,20384,98,14,39,0
46,Female,189121,100,2,108,1
43,Female,43763,64,21,91,1
46,Female,91946,64,16,89,0
55,Female,45817,79,11,51,0
53,Male,70792,52,17,65,1
58,Female,64816,50,5,27,1
47,Female,138249,59,25,66,1
26,Female,108726,80,30,28,1
19,Male,70490,98,24,64,0
43,Male,121280,49,28,35,0
24,Female,79424,4,5,108,0
52,Female,197393,53,25,101,1
44,Female,157843,69,8,39,0
45,Male,85248,13,15,5,0
41,Male,63794,37,27,27,1
63,Female,36052,78,1,79,0
57,Female,173375,57,0,33,0
42,Male,40438,95,13,102,1
47,Female,31901,42,7,88,0
46,Female,95781,34,3,92,1
41,Male,58643,54,3,107,0
60,Male,127361,63,23,37,0
22,Male,32951,74,25,93,1
53,Female,85181,72,4,118,1
53,Female,183126,99,4,94,0
22,Female,89945,19,30,45,0
29,Male,136878,48,18,35,1
29,Male,94008,87,4,85,0
24,Male,103452,37,11,33,1
34,Female,98458,62,5,45,1
44,Female,47564,94,14,32,0
64,Male,28130,50,12,76,0
59,Male,176391,19,23,92,1
20,Male,185734,41,26,5,0
57,Male,161296,3,4,7,0
26,Female,20693,54,24,78,0
25,Male,96788,21,25,26,0
32,Male,47074,85,16,33,1
45,Male,45581,94,7,38,1
25,Male,82938,24,22,73,0
39,Male,188035,79,26,29,0
34,Female,16367,10,7,56,0
35,Male,100476,72,8,94,1
35,Male,110173,19,5,7,1
25,Female,66973,65,7,27,1
25,Male,93938,61,14,65,1
47,Female,102177,49,19,80,0
48,Male,158882,64,5,45,0
37,Female,33891,78,6,48,1
28,Female,61662,56,11,24,0
20,Female,95881,44,28,46,1
63,Female,39988,75,17,33,1
63,Male,174699,62,3,111,0
41,Female,15498,24,4,59,1
41,Male,21899,27,6,65,0
48,Male,20835,43,29,64,1
26,Female,78027,48,25,37,0
61,Male,167867,84,4,11,1
33,Female,34334,98,22,39,1
35,Male,150256,71,19,9,0
39,Female,73491,51,10,3,0
35,Female,105279,43,19,19,0
61,Female,97059,1,17,39,0
48,Female,156268,96,10,110,1
52,Female,82299,63,9,74,1
30,Male,40048,66,3,77,0
24,Female,178047,5,18,75,0
51,Female,96174,18,21,80,0
59,Male,37159,83,27,110,1
65,Male,151040,88,2,64,0
24,Female,108293,43,4,78,0
42,Male,98984,84,20,20,0
48,Female,134445,5,1,18,0
38,Male,111746,60,2,56,1
25,Female,20205,7,2,111,0
34,Female,44268,19,13,90,0
37,Female,175204,97,14,72,0
22,Male,157758,96,14,107,1
56,Male,84687,31,0,54,1
63,Male,73114,69,30,17,1
42,Female,44519,79,9,36,0
28,Male,121277,42,1,68,1
45,Male,54631,62,0,70,1
25,Male,48856,55,24,99,1
56,Male,190035,50,29,15,0
56,Male,121302,71,5,58,1
25,Male,105295,2,27,75,0
54,Male,192673,54,20,23,1
56,Female,58022,48,5,79,0
34,Female,30836,35,19,110,0
57,Male,98764,69,1,107,0
34,Male,126778,80,3,110,1
40,Female,21354,36,27,6,1
24,Female,81531,82,26,28,0
47,Female,17583,74,26,12,1
39,Male,156468,13,8,88,1
50,Male,31991,44,18,1,0
32,Female,151462,100,24,67,1
42,Female,44721,21,5,15,0
30,Male,132282,49,12,120,1
36,Male,69857,70,23,43,0
31,Female,173513,16,22,36,1
64,Female,54210,48,3,62,0
22,Male,95055,97,22,65,1
30,Female,65064,29,5,107,0
59,Male,95438,69,10,26,0
60,Female,99576,19,13,43,1
50,Male,68740,82,22,22,0
42,Male,84419,12,21,101,1
41,Male,42914,36,24,62,0
42,Male,107520,70,7,99,1
34,Female,34923,40,6,87,0
27,Female,165815,74,12,110,1
21,Male,34456,19,10,94,0
23,Female,171937,17,29,5,0
54,Female,188657,74,22,114,1
52,Male,135883,93,30,99,1
32,Female,108753,29,18,97,1
57,Male,92780,11,29,105,1
45,Female,52051,62,13,118,0
54,Female,192960,9,2,81,0
61,Male,22676,39,1,9,0
53,Female,17722,59,25,68,1
32,Female,141676,66,19,9,1
43,Male,53923,100,20,107,1
24,Male,91021,68,24,118,0
46,Male,184517,47,18,38,1
41,Male,183526,24,4,3,0
26,Male,78198,23,1,106,0
24,Female,77365,14,5,59,0
60,Male,186060,70,25,37,1
52,Female,126937,18,23,75,0
54,Male,106069,50,0,82,1
58,Female,152497,20,1,75,0
34,Female,93883,88,22,110,0
37,Female,20330,36,16,48,0
61,Male,31637,51,28,87,0
18,Male,113760,74,8,38,0
21,Male,104397,97,22,45,1
64,Female,191294,75,20,91,0
27,Male,24851,25,14,37,1
38,Male,145674,28,21,43,1
50,Male,100721,35,9,1,1
36,Male,47129,65,4,99,1
26,Male,160150,21,30,103,0
57,Male,126350,71,27,12,0
32,Male,92079,28,11,51,1
47,Female,71611,47,16,104,1
24,Female,45731,33,26,117,0
61,Male,61895,76,29,62,1
62,Male,83410,3,6,23,0
48,Male,118273,29,2,9,0
48,Male,135179,28,28,8,0
56,Female,60482,71,3,67,0
29,Male,163054,40,27,71,1
31,Female,96450,54,21,54,1
28,Male,121462,14,23,106,1
41,Male,173906,68,3,21,1
19,Female,84107,77,15,120,1
29,Male,73023,42,19,111,1
44,Male,17731,18,1,58,1
40,Female,135634,39,17,65,1
51,Female,44141,38,24,83,1
39,Female,171515,5,17,58,1
32,Female,104040,34,19,54,0
36,Male,145475,81,3,80,0
61,Male,151359,54,7,52,0
34,Female,156041,9,16,47,0
53,Female,189468,77,20,120,1
46,Female,68447,16,5,80,1
56,Female,48557,44,2,12,0
26,Male,193683,10,27,94,0
51,Male,149396,14,3,34,0
21,Male,77344,60,4,75,1
43,Male,26093,12,6,117,0
22,Female,198107,29,4,71,1
42,Male,51566,64,3,98,0
31,Male,35740,90,7,64,0
20,Female,69840,43,22,18,0
40,Female,97760,12,7,100,0
32,Male,47896,1,5,56,1
34,Male,18179,33,3,80,1
25,Male,74794,33,6,31,0
24,Male,88981,98,21,70,1
37,Female,131651,53,12,118,1
57,Male,65175,19,3,30,0
37,Male,158929,72,24,39,1
24,Female,113175,94,13,43,0
21,Female,75285,48,6,49,1
34,Female,109994,45,28,91,1
23,Female,129457,21,28,4,0
25,Male,18515,54,0,113,0
49,Male,187469,96,8,1,0
54,Female,87303,45,18,98,1
27,Male,36302,49,5,79,0
31,Female,43246,73,4,9,0
34,Male,64997,16,1,108,0
63,Female,57060,53,0,78,1
59,Male,43761,3,0,79,1
39,Male,28303,74,18,11,0
62,Female,35671,62,15,108,1
52,Female,175338,79,25,84,1
61,Male,25917,12,25,20,0
56,Female,24634,2,28,90,0
49,Female,76846,65,29,59,0
47,Female,186161,30,10,39,1
18,Female,168672,100,6,90,1
53,Female,196190,76,27,107,1
42,Male,158399,91,9,76,1
37,Female,111436,70,11,3,1
29,Male,79079,10,25,43,1
54,Female,33903,80,6,20,0
27,Male,66455,18,12,32,0
51,Female,32321,1,4,119,0
37,Male,26560,53,28,55,1
18,Male,71086,81,18,19,1
53,Female,146762,92,21,14,1
46,Female,129792,74,4,88,1
27,Female,57608,95,2,44,0
57,Female,132550,92,23,47,1
43,Male,112270,52,29,36,0
51,Male,180625,31,15,97,0
62,Male,148611,91,23,87,0
52,Male,102601,33,8,86,0
50,Female,64916,21,10,27,1
37,Male,16261,76,0,72,1
36,Female,90546,73,19,112,0
26,Female,17469,89,17,114,1
20,Male,187093,30,30,102,1
19,Male,100594,22,17,25,0
48,Female,80129,16,0,22,0
46,Male,72993,28,1,6,0
26,Female,158512,26,14,103,0
65,Female,29248,44,5,79,0
39,Female,37851,75,12,116,1
34,Female,198912,55,16,102,0
45,Female,179079,80,22,29,0
55,Male,130979,4,14,44,0
34,Female,174572,72,16,74,1
56,Male,29630,41,5,61,0
49,Female,94388,90,10,10,1
42,Male,116713,57,17,45,1
48,Male,122298,64,18,38,0
47,Male,130839,70,4,76,1
57,Female,105560,94,21,83,1
47,Female,175928,26,29,26,0
27,Male,49593,64,4,29,0
34,Female,181993,93,23,85,1
56,Male,174113,80,3,32,1
33,Male,19823,17,30,55,1
25,Female,190987,42,15,28,0
42,Female,185290,34,1,80,0
40,Male,123548,69,14,28,0
50,Female,128655,31,1,8,0
52,Male,108325,12,25,118,1
34,Female,21896,53,9,40,0
60,Male,57641,74,10,45,1
32,Female,180378,42,26,52,1
18,Male,16179,8,19,38,1
46,Female,24216,1,9,10,0
44,Female,76559,49,2,52,0
39,Male,174220,25,25,50,1
45,Female,156234,79,19,30,0
33,Female,21205,75,19,21,0
65,Female,42561,35,22,19,1
19,Female,84690,16,20,87,1
30,Male,58626,79,1,29,1
25,Male,36983,46,15,71,1
41,Female,88762,3,27,88,1
58,Female,128741,27,20,36,1
42,Female,130015,15,0,41,1
25,Female,171182,37,0,99,0
28,Male,136319,80,17,13,0
30,Female,91611,94,1,57,1
59,Male,79567,17,1,27,0
19,Female,160299,92,8,97,1
65,Female,54157,97,19,87,1
47,Male,151595,50,8,51,1
32,Male,100186,38,1,79,0
35,Male,121907,63,27,67,1
42,Female,22829,19,21,77,1
52,Female,56215,32,25,18,0
61,Female,152409,20,0,89,0
24,Female,133659,37,28,77,0
36,Male,165753,68,17,95,1
29,Male,53601,14,24,111,0
53,Male,95761,26,18,52,1
32,Male,159534,58,8,39,0
55,Female,125625,7,4,85,0
58,Female,89945,67,20,15,0
21,Male,173863,63,21,82,1
20,Male,91362,35,23,10,1
56,Female,92909,9,27,39,1
46,Female,64467,24,16,5,0
29,Male,111100,98,21,47,0
25,Male,40515,71,22,87,1
33,Male,75927,38,3,64,0
54,Female,78741,26,13,5,0
32,Male,80666,52,11,94,0
34,Female,51856,36,19,31,1
39,Female,104007,27,7,76,0
50,Female,38087,29,0,88,0
29,Male,57255,32,16,95,1
36,Female,39423,50,6,17,0
35,Female,52147,85,6,24,0
27,Male,39869,46,18,31,1
25,Male,121164,27,0,92,0
31,Male,105620,56,10,72,0
33,Female,165947,66,7,12,1
51,Female,113249,68,30,38,1
61,Female,135427,90,15,40,1
37,Female,114771,16,22,87,0
63,Female,38466,88,29,80,1
20,Male,107886,95,11,19,0
35,Male,156023,84,26,43,1
42,Female,25520,58,6,46,0
36,Male,161097,10,11,12,0
64,Female,61012,75,2,42,1
53,Male,91059,77,12,43,1
47,Male,60556,99,17,48,0
39,Female,46471,4,29,34,0
41,Male,67173,24,5,48,1
37,Female,43334,15,28,104,1
18,Male,122521,44,30,59,0
35,Female,51740,92,19,109,1
60,Male,76484,85,21,34,0
24,Female,134094,74,11,23,0
34,Female,158509,8,8,97,0
60,Male,111778,97,9,11,1
50,Female,72719,35,19,115,0
57,Female,127656,78,15,111,1
20,Male,102824,14,27,20,0
26,Female,63812,70,21,75,0
62,Female,56479,53,13,6,1
26,Male,87080,28,21,97,0
65,Female,149404,13,5,112,0
63,Male,49503,26,18,30,1
31,Male,199450,80,26,69,1
25,Female,69912,25,20,91,0
56,Male,157355,47,29,6,0
63,Male,61317,14,17,21,1
53,Female,115410,83,15,2,1
36,Female,87225,47,8,104,0
30,Male,154873,12,11,6,1
19,Female,132311,70,22,16,1
45,Male,61654,68,1,53,0
56,Male,122163,55,20,55,0
65,Female,67580,36,5,95,1
48,Male,77232,10,14,81,1
46,Female,141759,37,22,46,1
65,Male,177166,91,0,24,0
20,Male,47493,26,28,12,0
32,Male,28861,89,17,69,1
25,Female,128756,100,13,82,0
38,Female,195795,11,4,45,0
18,Male,136700,66,15,37,1
35,Female,22445,47,27,58,1
54,Male,94156,94,18,36,0
64,Male,52450,84,21,73,0
55,Male,131225,16,22,59,0
41,Male,186801,68,26,61,1
58,Male,33218,16,7,20,0
30,Female,167028,57,6,98,0
34,Male,69279,85,25,108,1
36,Male,126491,51,2,56,1
54,Female,161941,41,28,33,1
60,Female,90293,55,22,68,1
53,Male,184752,78,18,110,1
29,Female,141252,22,14,88,1
21,Female,117263,39,1,47,0
43,Female,49103,78,12,114,0
57,Female,196492,46,16,97,0
46,Female,37478,24,25,4,0
27,Male,70383,41,6,16,0
63,Female,192706,33,19,105,1
33,Male,184110,60,5,65,0
20,Female,78171,37,19,78,0
39,Female,95987,33,7,106,1
59,Male,128143,2,8,3,0
34,Female,149277,72,27,55,0
48,Male,95853,76,3,40,0
51,Female,177303,74,16,81,1
62,Male,171507,57,4,33,1
32,Female,61294,55,24,91,1
54,Female,91207,28,20,67,0
31,Male,177585,15,13,95,1
38,Male,85780,32,15,85,1
24,Female,187478,71,24,84,0
60,Male,50818,17,29,82,0
47,Male,45268,87,16,4,0
38,Male,90758,50,2,95,0
63,Male,175822,6,10,115,0
31,Male,132425,81,2,51,0
30,Male,181939,8,22,81,1
40,Female,158782,9,9,82,0
33,Male,39474,93,9,69,1
35,Female,199382,34,16,94,1
28,Male,121113,97,17,117,1
63,Female,84294,33,27,11,1
37,Female,60009,18,22,33,0
45,Female,58818,60,10,86,1
61,Male,100332,32,14,7,0
49,Female,165302,29,30,3,1
65,Male,166839,29,18,13,0
21,Female,157076,2,13,47,0
21,Female,47536,36,25,114,0
59,Male,98219,95,18,88,1
48,Female,98302,77,22,99,1
28,Female,48059,12,10,98,0
48,Male,137264,75,6,49,1
61,Male,107800,88,19,64,1
35,Male,54019,22,29,45,1
48,Female,23642,95,13,92,1
38,Female,68515,59,12,78,1
18,Male,94087,22,10,10,1
44,Male,148056,42,17,26,0
34,Female,197023,56,26,49,1
56,Male,146810,85,0,118,1
62,Female,41458,36,13,10,0
26,Male,63634,19,25,93,1
38,Female,177854,63,13,92,1
64,Male,98434,90,17,34,1
29,Male,155662,54,5,42,0
38,Male,137314,75,11,86,1
21,Female,167626,71,6,15,1
43,Female,183836,41,30,80,1
58,Male,167592,10,28,45,1
61,Female,58057,36,30,78,1
44,Female,16053,68,15,61,0
51,Female,39019,90,25,114,0
53,Male,139519,14,4,59,1
19,Female,102379,24,12,33,1
61,Male,59798,11,20,110,1
18,Male,145558,93,7,104,0
46,Female,57571,6,0,29,0
30,Female,127367,4,9,76,0
26,Male,124255,79,9,62,1
65,Female,176495,96,16,26,1
27,Female,161006,62,1,90,0
20,Female,120159,32,6,22,0
44,Female,22474,61,21,91,0
38,Female,53080,34,11,3,1
43,Male,68107,48,4,64,0
37,Male,129055,89,26,55,1
20,Male,105044,5,22,11,1
45,Male,27487,28,5,102,0
56,Female,74533,100,27,53,1
59,Female,141719,66,2,59,1
32,Female,136244,19,25,94,0
55,Male,117742,8,23,99,1
53,Female,133606,16,22,116,1
36,Female,196098,84,8,13,0
31,Male,114552,70,24,112,1
45,Female,182009,85,26,77,0
57,Male,77904,8,22,83,0
60,Female,195704,85,22,36,1
65,Male,157215,38,11,22,1
23,Female,91874,78,15,22,1
45,Male,31964,3,4,85,0
24,Female,168125,52,26,47,1
19,Female,164777,90,14,52,0
30,Male,177895,57,28,49,1
19,Male,59085,53,14,16,0
44,Female,137504,35,16,30,0
37,Female,187055,64,2,81,0
35,Female,146147,12,24,57,0
33,Male,168682,71,13,103,1
46,Female,115165,18,24,76,0
48,Male,129624,11,27,44,1
46,Female,85547,18,23,53,0
36,Male,183419,55,0,88,1
45,Female,189452,77,29,48,1
45,Male,152881,65,5,42,1
47,Female,31877,92,27,117,1
59,Female,87063,28,20,45,1
48,Male,99792,94,17,12,1
29,Male,131703,28,28,106,0
22,Female,106937,72,4,90,0
52,Male,134618,96,18,104,1
50,Female,26773,89,9,36,1
65,Male,139981,9,26,56,1
50,Male,173149,1,0,44,0
49,Female,96092,19,30,58,0
54,Female,129719,14,1,26,0
33,Female,175503,28,14,119,1
53,Male,162094,21,26,112,0
48,Female,192208,84,21,78,1
46,Female,86001,88,28,96,0
39,Female,42996,12,6,45,0
25,Female,51701,92,18,77,1
55,Male,76859,77,8,111,0
23,Male,170612,82,23,27,1
58,Male,176185,77,19,19,0
41,Male,138197,64,17,32,0
50,Female,26281,99,8,34,0
23,Male,196063,18,20,17,1
62,Male,152692,98,5,113,1
36,Female,174426,91,10,9,1
35,Female,119803,88,2,3,0
56,Male,107305,95,7,14,1
18,Female,36639,25,8,115,0
61,Male,190987,69,22,112,1
57,Male,109709,94,5,88,1
31,Female,34705,83,16,113,1
18,Male,49364,33,3,68,1
58,Female,186948,30,24,33,0
47,Male,98743,81,30,35,1
27,Male,48396,78,23,55,0
60,Female,169777,82,21,28,1
51,Female,176009,37,7,75,1
51,Female,132365,56,1,101,0
34,Female,110689,18,23,86,1
42,Male,135905,85,26,76,1
30,Female,61170,42,22,42,0
37,Female,80683,27,21,58,1
37,Male,191382,73,13,91,1
28,Female,51478,33,13,15,1
61,Male,123835,100,9,68,1
36,Female,135573,76,30,75,1
58,Male,29320,39,15,68,0
64,Male,150665,38,12,28,1
63,Female,158327,51,28,7,1
53,Female,171955,66,30,118,1
22,Female,171038,93,23,13,1
25,Female,199355,59,24,20,0
36,Male,123956,8,29,101,1
